ebird_scientific_name,ebird_common_name,alternative_scientific_name
Acanthis cabaret,Lesser Redpoll,Acanthis flammea
Acanthis hornemanni,Hoary Redpoll,Acanthis flammea
Acrocephalus baeticatus,African Reed Warbler,Acrocephalus scirpaceus
Actinodura cyanouroptera,Blue-winged Minla,Siva cyanouroptera
Actinodura strigula,Chestnut-tailed Minla,Chrysominla strigula
Aerodramus amelis,Ameline Swiftlet,Aerodramus vanikorensis
Aerodramus germani,Germain's Swiftlet,Aerodramus fuciphagus
Aerodramus sororum,Sulawesi Swiftlet,Aerodramus infuscatus
Aethopyga decorosa,Bohol Sunbird,Aethopyga pulcherrima
Aethopyga jefferyi,Mountain Sunbird,Aethopyga pulcherrima
Alcippe davidi,David's Fulvetta,Alcippe morrisonia
Alcippe fratercula,Yunnan Fulvetta,Alcippe morrisonia
Alcippe hueti,Huet's Fulvetta,Alcippe morrisonia
Analisoma coerulescens,Blackish Cuckooshrike,Edolisoma coerulescens
Analisoma ostenta,White-winged Cuckooshrike,Edolisoma ostentum
Anas diazi,Mexican Duck,Anas fulvigula
Anous albivitta,Gray Noddy,Anous albivittus
Anser serrirostris,Tundra Bean-Goose,Anser fabalis
Aphelocoma woodhouseii,Woodhouse's Scrub-Jay,Aphelocoma californica
Apus cooki,Cook's Swift,Apus pacificus
Apus leuconyx,Blyth's Swift,Apus pacificus
Apus salimalii,Salim Ali's Swift,Apus pacificus
Artamus leucorynchus,White-breasted Woodswallow,Artamus leucoryn
Brachypodius eutilotus,Puff-backed Bulbul,Euptilotus eutilotus
Brachypodius melanoleucos,Black-and-white Bulbul,Microtarsus melanoleucos
Brachypodius urostictus,Yellow-wattled Bulbul,Poliolophus urostictus
Cecropis badia,Rufous-bellied Swallow,Cecropis daurica
Cecropis striolata,Striated Swallow,Cecropis daurica
Celeus grammicus,Scale-breasted Woodpecker,Celeus undatus
Centronyx bairdii,Baird's Sparrow,Passerculus bairdii
Centronyx henslowii,Henslow's Sparrow,Passerculus henslowii
Cercotrichas coryphoeus,Karoo Scrub-Robin,Tychaedon coryphoeus
Certhilauda brevirostris,Agulhas Lark,Certhilauda curvirostris
Chalcothraupis ruficervix,Golden-naped Tanager,Tangara ruficervix
Chloropicus abyssinicus,Abyssinian Woodpecker,Dendropicos abyssinicus
Chloropicus fuscescens,Cardinal Woodpecker,Dendropicos fuscescens
Chloropicus goertae,African Gray Woodpecker,Dendropicos goertae
Chloropicus griseocephalus,Olive Woodpecker,Dendropicos griseocephalus
Chloropicus lugubris,Melancholy Woodpecker,Dendropicos lugubris
Chloropicus namaquus,Bearded Woodpecker,Dendropicos namaquus
Chloropicus obsoletus,Brown-backed Woodpecker,Dendropicos obsoletus
Chloropicus poecilolaemus,Speckle-breasted Woodpecker,Dendropicos poecilolaemus
Chloropicus pyrrhogaster,Fire-bellied Woodpecker,Dendropicos pyrrhogaster
Chloropicus spodocephalus,Mountain Gray Woodpecker,Dendropicos spodocephalus
Chloropicus xantholophus,Golden-crowned Woodpecker,Dendropicos xantholophus
Chroicocephalus brunnicephalus,Brown-headed Gull,Larus brunnicephalus
Chroicocephalus cirrocephalus,Gray-hooded Gull,Larus cirrocephalus
Chroicocephalus genei,Slender-billed Gull,Larus genei
Chroicocephalus hartlaubii,Hartlaub's Gull,Larus hartlaubii
Chroicocephalus maculipennis,Brown-hooded Gull,Larus maculipennis
Chroicocephalus novaehollandiae,Silver Gull,Larus novaehollandiae
Chroicocephalus philadelphia,Bonaparte's Gull,Larus philadelphia
Chroicocephalus serranus,Andean Gull,Larus serranus
Colibri cyanotus,Lesser Violetear,Colibri thalassinus
Collocalia affinis,Plume-toed Swiftlet,Collocalia esculenta
Collocalia isonota,Ridgetop Swiftlet,Collocalia esculenta
Collocalia marginata,Gray-rumped Swiftlet,Collocalia esculenta
Copsychus fulicatus,Indian Robin,Saxicoloides fulicatus
Copsychus luzoniensis,White-browed Shama,Kittacincla luzoniensis
Copsychus malabaricus,White-rumped Shama,Kittacincla malabarica
Copsychus pyrropygus,Rufous-tailed Shama,Trichixos pyrropygus
Coracina cinerea,Madagascar Cuckooshrike,Ceblepyris cinereus
Corvus cornix,Hooded Crow,Corvus corone
Cyanocorax caeruleus,Azure Jay,Cyanocorax coeruleus
Cyanomitra veroxii,Mouse-colored Sunbird,Cyanomitra verreauxii
Dasylophus cumingi,Scale-feathered Malkoha,Lepidogrammus cumingi
Dendrocoptes auriceps,Brown-fronted Woodpecker,Leiopicus auriceps
Dendrocoptes medius,Middle Spotted Woodpecker,Leiopicus medius
Dicrurus atactus,Fanti Drongo,Dicrurus modestus
Dicrurus divaricatus,Glossy-backed Drongo,Dicrurus adsimilis
Dicrurus occidentalis,Western Square-tailed Drongo,Dicrurus ludwigii
Dixiphia pipra,White-crowned Manakin,Pseudopipra pipra
Dryobates affinis,Red-stained Woodpecker,Veniliornis affinis
Dryobates albolarvatus,White-headed Woodpecker,Leuconotopicus albolarvatus
Dryobates arizonae,Arizona Woodpecker,Leuconotopicus arizonae
Dryobates borealis,Red-cockaded Woodpecker,Leuconotopicus borealis
Dryobates callonotus,Scarlet-backed Woodpecker,Veniliornis callonotus
Dryobates cassini,Golden-collared Woodpecker,Veniliornis cassini
Dryobates chocoensis,Choco Woodpecker,Veniliornis chocoensis
Dryobates dignus,Yellow-vented Woodpecker,Veniliornis dignus
Dryobates fumigatus,Smoky-brown Woodpecker,Leuconotopicus fumigatus
Dryobates kirkii,Red-rumped Woodpecker,Veniliornis kirkii
Dryobates lignarius,Striped Woodpecker,Veniliornis lignarius
Dryobates maculifrons,Yellow-eared Woodpecker,Veniliornis maculifrons
Dryobates mixtus,Checkered Woodpecker,Veniliornis mixtus
Dryobates nigriceps,Bar-bellied Woodpecker,Veniliornis nigriceps
Dryobates passerinus,Little Woodpecker,Veniliornis passerinus
Dryobates spilogaster,White-spotted Woodpecker,Veniliornis spilogaster
Dryobates stricklandi,Strickland's Woodpecker,Leuconotopicus stricklandi
Dryobates villosus,Hairy Woodpecker,Leuconotopicus villosus
Dryocopus lineatus,Lineated Woodpecker,Hylatomus lineatus
Falco rupicolus,Rock Kestrel,Falco tinnunculus
Haliaeetus humilis,Lesser Fish-Eagle,Icthyophaga humilis
Haliaeetus ichthyaetus,Gray-headed Fish-Eagle,Icthyophaga ichthyaetus
Hapalocrex flaviventer,Yellow-breasted Crake,Laterallus flaviventer
Harpactes reinwardtii,Javan Trogon,Apalharpactes reinwardtii
Horornis vulcanius,Sunda Bush Warbler,Horornis flavolivaceus
Hypsipetes guimarasensis,Visayan Bulbul,Hypsipetes philippinus
Ianthocincla albogularis,White-throated Laughingthrush,Garrulax albogularis
Ianthocincla caerulata,Gray-sided Laughingthrush,Garrulax caerulatus
Ianthocincla chinensis,Black-throated Laughingthrush,Garrulax chinensis
Ianthocincla davidi,Pere David's Laughingthrush,Garrulax davidi
Ianthocincla delesserti,Wayanad Laughingthrush,Garrulax delesserti
Ianthocincla lanceolata,Chinese Babax,Garrulax lanceolatus
Ianthocincla mitrata,Chestnut-capped Laughingthrush,Garrulax mitratus
Ianthocincla ocellata,Spotted Laughingthrush,Garrulax ocellatus
Ianthocincla pectoralis,Greater Necklaced Laughingthrush,Garrulax pectoralis
Ianthocincla poecilorhyncha,Rusty Laughingthrush,Garrulax poecilorhynchus
Ianthocincla ruficeps,Rufous-crowned Laughingthrush,Garrulax ruficeps
Ianthocincla rufogularis,Rufous-chinned Laughingthrush,Garrulax rufogularis
Ianthocincla sannio,White-browed Laughingthrush,Garrulax sannio
Ichthyaetus audouinii,Audouin's Gull,Larus audouinii
Ichthyaetus hemprichii,Sooty Gull,Larus hemprichii
Ichthyaetus ichthyaetus,Pallas's Gull,Larus ichthyaetus
Ichthyaetus leucophthalmus,White-eyed Gull,Larus leucophthalmus
Ichthyaetus melanocephalus,Mediterranean Gull,Larus melanocephalus
Ichthyaetus relictus,Relict Gull,Larus relictus
Indicator conirostris,Thick-billed Honeyguide,Indicator minor
Iole cacharensis,Cachar Bulbul,Iole viridescens
Iole crypta,Buff-vented Bulbul,Iole charlottae
Ixothraupis guttata,Speckled Tanager,Tangara guttata
Ixothraupis punctata,Spotted Tanager,Tangara punctata
Ixothraupis rufigula,Rufous-throated Tanager,Tangara rufigula
Ixothraupis varia,Dotted Tanager,Tangara varia
Ixothraupis xanthogastra,Yellow-bellied Tanager,Tangara xanthogastra
Juliamyia julie,Violet-bellied Hummingbird,Amazilia julie
Kurochkinegramma hypogrammicum,Purple-naped Spiderhunter,Kurochkinegramma hypogrammica
Laniarius major,Tropical Boubou,Laniarius aethiopicus
Lanius humeralis,Northern Fiscal,Lanius collaris
Lepidocolaptes layardi,Layard's Woodcreeper,Lepidocolaptes fuscicapillus
Leucophaeus modestus,Gray Gull,Larus modestus
Limnoctites sulphuriferus,Sulphur-bearded Reedhaunter,Cranioleuca sulphurifera
Luscinia phaenicuroides,White-bellied Redstart,Hodgsonius phaenicuroides
Machlolophus aplonotus,Indian Yellow Tit,Machlolophus xanthogenys
Megapomatorhinus erythrocnemis,Black-necklaced Scimitar-Babbler,Erythrogenys erythrocnemis
Megapomatorhinus erythrogenys,Rusty-cheeked Scimitar-Babbler,Erythrogenys erythrogenys
Megapomatorhinus gravivox,Black-streaked Scimitar-Babbler,Erythrogenys gravivox
Megapomatorhinus hypoleucos,Large Scimitar-Babbler,Erythrogenys hypoleucos
Megapomatorhinus swinhoei,Gray-sided Scimitar-Babbler,Erythrogenys swinhoei
Megascops centralis,Choco Screech-Owl,Megascops vermiculatus
Megascops roraimae,Foothill Screech-Owl,Megascops vermiculatus
Melopyrrha violacea,Greater Antillean Bullfinch,Pyrrhulagra violacea
Mentrocrex kioloides,Madagascar Wood-Rail,Mentocrex kioloides
Muscicapa williamsoni,Brown-streaked Flycatcher,Muscicapa dauurica
Mustelirallus albicollis,Ash-throated Crake,Porzana albicollis
Mustelirallus erythrops,Paint-billed Crake,Neocrex erythrops
Neocossyphus finschi,Finsch's Flycatcher-Thrush,Stizorhina finschi
Neocossyphus fraseri,Rufous Flycatcher-Thrush,Stizorhina fraseri
Nisaetus kelaarti,Legge's Hawk-Eagle,Nisaetus nipalensis
Oenanthe lugubris,Abyssinian Wheatear,Oenanthe lugens
Oressochen jubatus,Orinoco Goose,Neochen jubata
Oressochen melanopterus,Andean Goose,Chloephaga melanoptera
Parus cinereus,Cinereous Tit,Parus major
Parus minor,Japanese Tit,Parus major
Pellorneum bicolor,Ferruginous Babbler,Trichastoma bicolor
Pellorneum malaccense,Short-tailed Babbler,Trichastoma malaccense
Pellorneum rostratum,White-chested Babbler,Trichastoma rostratum
Pellorneum tickelli,Buff-breasted Babbler,Trichastoma tickelli
Pericrocotus speciosus,Scarlet Minivet,Pericrocotus flammeus
Periparus elegans,Elegant Tit,Pardaliparus elegans
Periparus venustulus,Yellow-bellied Tit,Pardaliparus venustulus
Phalacrocorax bougainvillii,Guanay Cormorant,Leucocarbo bougainvilliorum
Phylloscopus occisinensis,Alpine Leaf Warbler,Phylloscopus affinis
Pica bottanensis,Black-rumped Magpie,Pica pica
Pica nuttalli,Yellow-billed Magpie,Pica nutalli
Pica serica,Oriental Magpie,Pica pica
Picoides dorsalis,American Three-toed Woodpecker,Picoides tridactylus
Platysteira castanea,Chestnut Wattle-eye,Dyaphorophyia castanea
Platysteira concreta,Yellow-bellied Wattle-eye,Dyaphorophyia concreta
Poecilostreptus cabanisi,Azure-rumped Tanager,Tangara cabanisi
Poecilostreptus palmeri,Gray-and-gold Tanager,Tangara palmeri
Porphyrio indicus,Black-backed Swamphen,Porphyrio porphyrio
Porphyrio madagascariensis,African Swamphen,Porphyrio porphyrio
Porphyrio martinica,Purple Gallinule,Porphyrio martinicus
Porphyrio melanotus,Australasian Swamphen,Porphyrio porphyrio
Porphyrio poliocephalus,Gray-headed Swamphen,Porphyrio porphyrio
Porphyrio pulverulentus,Philippine Swamphen,Porphyrio porphyrio
Porphyrospiza alaudina,Band-tailed Sierra-Finch,Corydospiza alaudina
Porphyrospiza carbonaria,Carbonated Sierra-Finch,Corydospiza carbonaria
Pseudocolaptes boissonneautii,Streaked Tuftedcheek,Pseudocolaptes boissonneauii
Psittacara strenuus,Pacific Parakeet,Psittacara holochlorus
Psittacula calthrapae,Layard's Parakeet,Nicopsitta calthrapae
Pteruthius ripleyi,Himalayan Shrike-Babbler,Pteruthius aeralatus
Puffinus boydi,Boyd's Shearwater,Puffinus lherminieri
Pycnonotus conradi,Streak-eared Bulbul,Pycnonotus blanfordi
Rubigula cyaniventris,Gray-bellied Bulbul,Ixidia cyaniventris
Rubigula erythropthalmos,Spectacled Bulbul,Ixidia erythropthalmos
Rubigula melanicterus,Black-capped Bulbul,Rubigula melanictera
Rubigula squamata,Scaly-breasted Bulbul,Ixidia squamata
Saltatricula atricollis,Black-throated Saltator,Saltator atricollis
Saxicola maurus,Siberian Stonechat,Saxicola torquatus
Saxicola rubicola,European Stonechat,Saxicola torquatus
Spizelloides arborea,American Tree Sparrow,Passerella arborea
Sporaeginthus subflavus,Zebra Waxbill,Amandava subflava
Stercorarius antarcticus,Brown Skua,Catharacta antarctica
Stilpnia cayana,Burnished-buff Tanager,Tangara cayana
Stilpnia cyanicollis,Blue-necked Tanager,Tangara cyanicollis
Stilpnia cyanoptera,Black-headed Tanager,Tangara cyanoptera
Stilpnia heinei,Black-capped Tanager,Tangara heinei
Stilpnia larvata,Golden-hooded Tanager,Tangara larvata
Stilpnia peruviana,Black-backed Tanager,Tangara peruviana
Stilpnia preciosa,Chestnut-backed Tanager,Tangara preciosa
Stilpnia vitriolina,Scrub Tanager,Tangara vitriolina
Streptopelia chinensis,Spotted Dove,Spilopelia chinensis
Sturnia blythii,Malabar Starling,Sturnia malabarica
Sylviorthorhynchus desmursii,Des Murs's Wiretail,Sylviorthorhynchus desmurii
Tetrastes bonasia,Hazel Grouse,Bonasa bonasia
Thectocercus acuticaudatus,Blue-crowned Parakeet,Psittacara acuticaudatus
Threskiornis molucca,Australian Ibis,Threskiornis moluccus
Tockus kempi,Western Red-billed Hornbill,Tockus erythrorhynchus
Tockus rufirostris,Southern Red-billed Hornbill,Tockus erythrorhynchus
Trachyphonus purpuratus,Yellow-billed Barbet,Trachylaemus purpuratus
Turdinus abbotti,Abbott's Babbler,Malacocincla abbotti
Turdinus sepiarius,Horsfield's Babbler,Malacocincla sepiaria
Turdoides atripennis,Capuchin Babbler,Phyllanthus atripennis
Turdoides huttoni,Afghan Babbler,Argya caudata
Urosphena pallidipes,Pale-footed Bush Warbler,Hemitesia pallidipes
Xenops rutilans,Streaked Xenops,Xenops rutilus
Yungipicus canicapillus,Gray-capped Woodpecker,Picoides canicapillus
Yungipicus kizuki,Pygmy Woodpecker,Picoides kizuki
Yungipicus maculatus,Philippine Woodpecker,Picoides maculatus
Yungipicus moluccensis,Sunda Woodpecker,Picoides moluccensis
Yungipicus nanus,Brown-capped Woodpecker,Picoides nanus
Yungipicus temminckii,Sulawesi Woodpecker,Picoides temminckii
Zoothera neilgherriensis,Nilgiri Thrush,Zoothera dauma
Carpodacus davidianus,Chinese Beautiful Rosefinch,Carpodacus pulcherrimus
Cyanoderma ambiguum,Buff-chested Babbler,Cyanoderma rufifrons
Ianthocincla berthemyi,Buffy Laughingthrush,Garrulax berthemyi
Ianthocincla bieti,Biet's Laughingthrush,Garrulax bieti
Ianthocincla cineracea,Moustached Laughingthrush,Garrulax cineraceus
Ianthocincla courtoisi,Blue-crowned Laughingthrush,Garrulax courtoisi
Ianthocincla gularis,Rufous-vented Laughingthrush,Garrulax gularis
Ianthocincla koslowi,Tibetan Babax,Garrulax koslowi
Ianthocincla lunulata,Barred Laughingthrush,Garrulax bieti
Ianthocincla maxima,Giant Laughingthrush,Garrulax maximus
Ianthocincla ruficollis,Rufous-necked Laughingthrush,Garrulax ruficollis
Ianthocincla sukatschewi,Snowy-cheeked Laughingthrush,Garrulax sukatschewi
Ianthocincla vassali,White-cheeked Laughingthrush,Garrulax vassali
Ianthocincla waddelli,Giant Babax,Garrulax waddelli
Mentrocrex beankaensis,Tsingy Wood-Rail,Mentocrex beankaensis
Minla annectens,Rufous-backed Sibia,Leioptila annectens
Napothera danjoui,Short-tailed Scimitar-Babbler,Rimator danjoui
Napothera malacoptila,Long-billed Wren-Babbler,Rimator malacoptilus
Napothera pasquieri,White-throated Wren-Babbler,Rimator pasquieri
Otus madagascariensis,Torotoroka Scops-Owl,Otus rutilus
Pnoepyga mutica,Chinese Cupwing,Pnoepyga albiventer
Pteruthius intermedius,Clicking Shrike-Babbler,Pteruthius aenobarbus
Strix davidi,Pere David's Owl,Strix uralensis
Tetrastes sewerzowi,Severtzov's Grouse,Bonasa sewerzowi
Xanthomixis tenebrosa,Dusky Tetraka,Crossleyia tenebrosa
Acridotheres burmannicus,Vinous-breasted Starling,Acridotheres leucocephalus
Acridotheres melanopterus,Black-winged Starling,Acridotheres tricolor
Actenoides monachus,Green-backed Kingfisher,Actenoides capucinus
Actinodura ramsayi,Spectacled Barwing,Actinodura radcliffei
Aegithalos iouschistos,Black-browed Tit,Aegithalos bonvaloti
Aegithalos concinnus,Black-throated Tit,Aegithalos iredalei
Aethopyga christinae,Fork-tailed Sunbird,Aethopyga latouchii
Alcedo euryzona,Blue-banded Kingfisher,Alcedo peninsulae
Alophoixus pallidus,Puff-throated Bulbul,Alophoixus griseiceps
Alophoixus bres,Grey-cheeked Bulbul,Alophoixus tephrogenys
Sporaeginthus formosus,Green Avadavat,Amandava formosa
Amaurospiza concolor,Blue Seedeater,Amaurospiza relicta
Amazona autumnalis,Red-lored Parrot,Amazona diadema
Amazona autumnalis,Red-lored Parrot,Amazona lilacina
Anaplectes rubriceps,Red-headed Weaver,Anaplectes leuconotos
Anas crecca,Eurasian/Green-winged Teal,Anas carolinensis
Anisognathus igniventris,Scarlet-bellied Mountain-Tanager,Anisognathus lunulatus
Anthoscopus caroli,African Penduline Tit,Anthoscopus sylviella
Anthreptes rectirostris,Green Sunbird,Anthreptes tephrolaemus
Antrostomus cubanensis,Greater Antillean Nightjar,Antrostomus ekmani
Ardea intermedia,Intermediate Egret,Ardea brachyrhyncha
Ardea intermedia,Intermediate Egret,Ardea plumifera
Atimastillas flavicollis,Yellow-throated Greenbul,Atimastillas flavigula
Atlapetes tricolor,Tricoloured Brushfinch,Atlapetes crassus
Basileuterus culicivorus,Golden-crowned Warbler,Basileuterus auricapilla
Basileuterus culicivorus,Golden-crowned Warbler,Basileuterus cabanisi
Basileuterus culicivorus,Golden-crowned Warbler,Basileuterus hypoleucus
Bleda notatus,Lesser Bristlebill,Bleda ugandae
Brachypteryx montana,White-browed Shortwing,Brachypteryx poliogyna
Brachypteryx montana,White-browed Shortwing,Brachypteryx saturata
Bradypterus baboecala,Little Rush-Warbler,Bradypterus centralis
Bubo virginianus,Great Horned Owl,Bubo magellanicus
Buccanodon duchaillui,Yellow-spotted Barbet,Buccanodon dowsetti
Bycanistes fistulator,Piping Hornbill,Bycanistes sharpii
Cacicus cela,Yellow-rumped Cacique,Cacicus flavicrissus
Cacicus chrysonotus,Mountain Cacique,Cacicus leucoramphus
Calonectris diomedea,Cory's Shearwater,Calonectris borealis
Camaroptera chloronota,Olive-green Camaroptera,Camaroptera toroensis
Campethera tullbergi,Tullberg's Woodpecker,Campethera taeniolaema
Campylorhynchus rufinucha,Rufous-naped Wren,Campylorhynchus capistratus
Carduelis carduelis,European Goldfinch,Carduelis caniceps
Catharus ustulatus,Swainson's Thrush,Catharus swainsoni
Celeus torquatus,Ringed Woodpecker,Celeus occidentalis
Cercococcyx mechowi,Dusky Long-tailed Cuckoo,Cercococcyx lemaireae
Ceyx cyanopectus,Indigo-banded Kingfisher,Ceyx nigrirostris
Chaetura vauxi,Vaux's Swift,Chaetura andrei
Charadrius alexandrinus,Kentish Plover,Charadrius dealbatus
Chloropsis hardwickii,Orange-bellied Leafbird,Chloropsis lazulina
Chloropsis cochinchinensis,Blue-winged Leafbird,Chloropsis moluccensis
Chrysophlegma mentale,Checker-throated Woodpecker,Chrysophlegma humii
Cichlocolaptes leucophrus,Pale-browed Treehunter,Cichlocolaptes holti
Ciconia episcopus,Woolly-necked Stork,Ciconia microscelis
Cinnyris habessinicus,Shining Sunbird,Cinnyris hellmayri
Cinnyris pulchellus,Beautiful Sunbird,Cinnyris melanogastrus
Cistothorus platensis,Sedge Wren,Cistothorus stellaris
Colaptes rubiginosus,Golden-olive Woodpecker,Colaptes aeruginosus
Colaptes auratus,Northern Flicker,Colaptes cafer
Colaptes campestris,Campo Flicker,Colaptes campestroides
Colaptes melanochloros,Green-barred Woodpecker,Colaptes melanolaimus
Colaptes auratus,Northern Flicker,Colaptes mexicanoides
Conirostrum cinereum,Cinereous Conebill,Conirostrum fraseri
Contopus cinereus,Tropical Pewee,Contopus bogotensis
Contopus cinereus,Tropical Pewee,Contopus punensis
Crax fasciolata,Bare-faced Curassow,Crax pinima
Cyanolyca armillata,Black-collared Jay,Cyanolyca quindiuna
Cymbirhynchus macrorhynchos,Black-and-red Broadbill,Cymbirhynchus affinis
Cyphorhinus thoracicus,Chestnut-breasted Wren,Cyphorhinus dichrous
Dacnis lineata,Black-faced Dacnis,Dacnis egregia
Deconychura longicauda,Long-tailed Woodcreeper,Deconychura pallida
Delichon urbicum,Common House Martin,Delichon lagopodum
Chloropicus elliotii,Elliot's Woodpecker,Dendropicos elliotii
Chloropicus gabonensis,Gabon Woodpecker,Dendropicos gabonensis
Dicaeum ignipectus,Fire-breasted Flowerpecker,Dicaeum beccarii
Dicaeum ignipectus,Fire-breasted Flowerpecker,Dicaeum luzoniense
Diomedea exulans,Wandering Albatross,Diomedea antipodensis
Diomedea exulans,Wandering Albatross,Diomedea dabbenena
Diomedea epomophora,Royal Albatross,Diomedea sanfordi
Diopsittaca nobilis,Red-shouldered Macaw,Diopsittaca cumanensis
Ducula badia,Mountain Imperial-Pigeon,Ducula cuprea
Platysteira concreta,Yellow-bellied Wattle-eye,Dyaphorophyia ansorgei
Emberiza spodocephala,Black-faced Bunting,Emberiza personata
Eremalauda dunni,Dunn's Lark,Eremalauda eremodites
Eurylaimus javanicus,Banded Broadbill,Eurylaimus harterti
Euscarthmus meloryphus,Tawny-crowned Pygmy-Tyrant,Euscarthmus fulviceps
Falco chicquera,Red-necked Falcon,Falco ruficollis
Formicivora grisea,White-fringed Antwren,Formicivora intermedia
Stymphalornis acutirostris,Parana Antwren,Formicivora paludicola
Furnarius leucopus,Pale-legged Hornero,Furnarius cinnamomeus
Furnarius leucopus,Pale-legged Hornero,Furnarius longirostris
Ianthocincla cineracea,Moustached Laughingthrush,Garrulax cinereiceps
Garrulus glandarius,Eurasian Jay,Garrulus bispecularis
Garrulus glandarius,Eurasian Jay,Garrulus leucotis
Gelochelidon nilotica,Gull-billed Tern,Gelochelidon macrotarsa
Geothlypis aequinoctialis,Masked Yellowthroat,Geothlypis auricularis
Glaucidium gnoma,Northern Pygmy-Owl,Glaucidium californicum
Glaucidium gnoma,Northern Pygmy-Owl,Glaucidium cobanense
Gracupica contra,Asian Pied Starling,Gracupica jalla
Grallaria quitensis,Tawny Antpitta,Grallaria alticola
Granatellus pelzelni,Rose-breasted Chat,Granatellus paraensis
Euplectes ardens,Red-collared Widowbird,Euplectes laticauda
Guttera pucherani,Crested Guineafowl,Guttera edouardi
Guttera pucherani,Crested Guineafowl,Guttera verreauxi
Suiriri affinis,Chapada Flycatcher,Guyramemua affinis
Gymnobucco bonapartei,Grey-throated Barbet,Gymnobucco cinereiceps
Hemicircus concretus,Grey-and-buff Woodpecker,Hemicircus sordidus
Herpsilochmus rufimarginatus,Rufous-winged Antwren,Herpsilochmus scapularis
Hirundinea ferruginea,Cliff Flycatcher,Hirundinea bellicosa
Horizocerus albocristatus,White-crested Hornbill,Horizocerus cassini
Horizocerus hartlaubi,Black Dwarf Hornbill,Horizocerus granti
Oceanodroma jabejabe,Cape Verde Storm-Petrel,Hydrobates jabejabe
Dryocopus lineatus,Lineated Woodpecker,Hylatomus fuscipennis
Hylophilus thoracicus,Lemon-chested Greenlet,Hylophilus griseiventris
Hypnelus ruficollis,Russet-throated Puffbird,Hypnelus bicinctus
Icterus cayanensis,Epaulet Oriole,Icterus chrysocephalus
Icterus spurius,Orchard Oriole,Icterus fuertesi
Illadopsis rufipennis,Pale-breasted Illadopsis,Illadopsis distans
Knipolegus orenocensis,Riverside Tyrant,Knipolegus sclateri
Lagonosticta larvata,Black-faced Firefinch,Lagonosticta nigricollis
Lagonosticta larvata,Black-faced Firefinch,Lagonosticta vinacea
Lanius sphenocercus,Chinese Grey Shrike,Lanius giganteus
Larus argentatus,Herring Gull,Larus smithsonianus
Lophoceros fasciatus,African Pied Hornbill,Lophoceros semifasciatus
Lophura ignita,Crested Fireback,Lophura rufa
Lybius leucocephalus,White-headed Barbet,Lybius senex
Megascops ingens,Rufescent Screech-Owl,Megascops colombianus
Meiglyptes tristis,Buff-rumped Woodpecker,Meiglyptes grammithorax
Melozone leucotis,White-eared Ground-Sparrow,Melozone occipitalis
Merops orientalis,Green Bee-eater,Merops cyanophrys
Merops variegatus,Blue-breasted Bee-eater,Merops lafresnayii
Merops orientalis,Green Bee-eater,Merops viridissimus
Milvus migrans,Black Kite,Milvus aegyptius
Mionectes olivaceus,Olive-striped Flycatcher,Mionectes galbinus
Myioborus ornatus,Golden-fronted Redstart,Myioborus chrysops
Myiodynastes maculatus,Streaked Flycatcher,Myiodynastes solitarius
Myiopagis caniceps,Grey Elaenia,Myiopagis cinerea
Myiophobus fasciatus,Bran-coloured Flycatcher,Myiophobus crypterythrus
Myiophobus fasciatus,Bran-coloured Flycatcher,Myiophobus rufescens
Myiothlypis rivularis,Riverbank Warbler,Myiothlypis mesoleuca
Myrmotherula axillaris,White-flanked Antwren,Myrmotherula luctuosa
Niltava vivida,Vivid Niltava,Niltava oatesi
Nucifraga caryocatactes,Spotted Nutcracker,Nucifraga hemispila
Oenanthe bottae,Red-breasted Wheatear,Oenanthe frenata
Oenanthe heuglini,Heuglin's Wheatear,Oenanthe heuglinii
Oenanthe oenanthe,Northern Wheatear,Oenanthe seebohmi
Onychorhynchus coronatus,Royal Flycatcher,Onychorhynchus mexicanus
Onychorhynchus coronatus,Royal Flycatcher,Onychorhynchus occidentalis
Onychorhynchus coronatus,Royal Flycatcher,Onychorhynchus swainsoni
Xiphorhynchus guttatus,Buff-throated Woodcreeper,Xiphorhynchus guttatoides
Xiphorhynchus erythropygius,Spotted Woodcreeper,Xiphorhynchus aequatorialis
Xenops minutus,Plain Xenops,Xenops genibarbis
Vireolanius leucotis,Slaty-capped Shrike-Vireo,Vireolanius mikettae
Thinornis novaeseelandiae,Shore Plover,Vanellus novaehollandiae
Sakesphorus canadensis,Black-crested Antshrike,Sakesphorus pulchellus
Saltator coerulescens,Greyish Saltator,Saltator olivascens
Sclerurus scansor,Rufous-breasted Leaftosser,Sclerurus cearensis
Setophaga coronata,Yellow-rumped Warbler,Setophaga auduboni
Sheppardia bocagei,Bocage's Akalat,Sheppardia poensis
Sittasomus griseicapillus,Olivaceous Woodcreeper,Sittasomus griseus
Streptopelia chinensis,Spotted Dove,Spilopelia suratensis
Sporophila corvina,Variable Seedeater,Sporophila ophthalmica
Stiphrornis erythrothorax,Forest Robin,Stiphrornis xanthogaster
Sylvietta brachyura,Northern Crombec,Sylvietta leucopsis
Pachyramphus major,Grey-collared Becard,Pachyramphus uropygialis
Passerculus sandwichensis,Savannah Sparrow,Passerculus guttatus
Passerculus sandwichensis,Savannah Sparrow,Passerculus rostratus
Passerella iliaca,Fox Sparrow,Passerella megarhyncha
Passerella iliaca,Fox Sparrow,Passerella schistacea
Passerella iliaca,Fox Sparrow,Passerella unalaschcensis
Patagioenas fasciata,Band-tailed Pigeon,Patagioenas albilinea
Patagioenas maculosa,Spot-winged Pigeon,Patagioenas albipennis
Pellorneum capistratum,Black-capped Babbler,Pellorneum nigrocapitatum
Pericrocotus solaris,Grey-chinned Minivet,Pericrocotus montanus
Phacellodomus rufifrons,Rufous-fronted Thornbird,Phacellodomus inornatus
Phaeomyias murina,Mouse-coloured Tyrannulet,Phaeomyias tumbezana
Phaethornis longirostris,Long-billed Hermit,Phaethornis baroni
Phapitreron leucotis,White-eared Brown-Dove,Phapitreron nigrorum
Phasianus colchicus,Common Pheasant,Phasianus versicolor
Pheugopedius sclateri,Speckle-breasted Wren,Pheugopedius columbianus
Pheugopedius sclateri,Speckle-breasted Wren,Pheugopedius paucimaculatus
Turdoides atripennis,Capuchin Babbler,Phyllanthus rubiginosus
Phyllomyias burmeisteri,Rough-legged Tyrannulet,Phyllomyias zeledoni
Phylloscopus collybita,Common Chiffchaff,Phylloscopus tristis
Picoides tridactylus,Eurasian Three-toed Woodpecker,Picoides funebris
Picus canus,Grey-headed Woodpecker,Picus guerini
Pionus menstruus,Blue-headed Parrot,Pionus reichenowi
Pipraeidea bonariensis,Blue-and-yellow Tanager,Pipraeidea darwinii
Piranga flava,Hepatic Tanager,Piranga hepatica
Platyrinchus mystaceus,White-throated Spadebill,Platyrinchus albogularis
Ploceus nigricollis,Black-necked Weaver,Ploceus brachypterus
Ploceus nigerrimus,Vieillot's Weaver,Ploceus castaneofuscus
Podiceps occipitalis,Silvery Grebe,Podiceps juninensis
Lybius minor,Black-backed Barbet,Pogonornis macclounii
Lybius minor,Black-backed Barbet,Pogonornis minor
Pomatorhinus ferruginosus,Coral-billed Scimitar-Babbler,Pomatorhinus phayrei
Prinia flaviventris,Yellow-bellied Prinia,Prinia sonitans
Psarocolius angustifrons,Russet-backed Oropendola,Psarocolius oleagineus
Psilopogon duvaucelii,Blue-eared Barbet,Psilopogon cyanotis
Psittacara wagleri,Scarlet-fronted Parakeet,Psittacara frontatus
Psittacus erithacus,Grey Parrot,Psittacus timneh
Psophia viridis,Dark-winged Trumpeter,Psophia obscura
Psophocichla litsitsirupa,Groundscraper Thrush,Psophocichla simensis
Pterodroma feae,Fea's Petrel,Pterodroma deserta
Pteroglossus inscriptus,Lettered Aracari,Pteroglossus humboldti
Ptilinopus superbus,Superb Fruit-Dove,Ptilinopus temminckii
Ptyonoprogne fuligula,Rock Martin,Ptyonoprogne obsoleta
Ptyonoprogne fuligula,Rock Martin,Ptyonoprogne rufigula
Pycnonotus finlaysoni,Stripe-throated Bulbul,Pycnonotus davisoni
Pyrrhura picta,Painted Parakeet,Pyrrhura emma
Ramphastos vitellinus,Channel-billed Toucan,Ramphastos ariel
Ramphastos vitellinus,Channel-billed Toucan,Ramphastos culminatus
Ramphastos tucanus,White-throated Toucan,Ramphastos cuvieri
Ptilinopus epius,Maroon-chinned Fruit-Dove,Ramphiculus epius
Rhynchocyclus olivaceus,Olivaceous Flatbill,Rhynchocyclus aequinoctialis
Riparia paludicola,Plain Martin,Riparia cowani
Tadorna cristata,Crested Shelduck,Tadorna cristata
Taeniopygia guttata,Zebra Finch,Taeniopygia castanotis
Stilpnia cyanoptera,Tangara argentea,Tangara argentea
Tangara arthus,Golden Tanager,Tangara aurulenta
Tangara mexicana,Turquoise Tanager,Tangara brasiliensis
Tangara velia,Opal-rumped Tanager,Tangara cyanomelas
Stilpnia cayana,Burnished-buff Tanager,Tangara flava
Tangara parzudakii,Flame-faced Tanager,Tangara lunigera
Terpsiphone cinnamomea,Rufous Paradise-Flycatcher,Terpsiphone unirufa
Thalassarche chlororhynchos,Yellow-nosed Albatross,Thalassarche carteri
Thalassarche melanophris,Black-browed Albatross,Thalassarche impavida
Thalassarche cauta,White-capped Albatross,Thalassarche steadi
Tityra cayana,Black-tailed Tityra,Tityra braziliensis
Trachyphonus purpuratus,Yellow-billed Barbet,Trachylaemus goffinii
Trachyphonus purpuratus,Yellow-billed Barbet,Trachylaemus togoensis
Trachyphonus darnaudii,D'Arnaud's Barbet,Trachyphonus emini
Treron calvus,African Green-Pigeon,Treron delalandii
Pellorneum buettikoferi,Sumatran Babbler,Trichastoma buettikoferi
Pellorneum celebense,Sulawesi Babbler,Trichastoma celebense
Trochocercus cyanomelas,African Crested-Flycatcher,Trochocercus bivittatus
Trogon elegans,Elegant Trogon,Trogon ambiguus
Trogon surrucura,Surucua Trogon,Trogon aurantius
Tunchiornis ochraceiceps,Tawny-crowned Greenlet,Tunchiornis luteifrons
Turdinus crispifrons,Limestone Wren-Babbler,Turdinus calcicola
Turdoides striata,Jungle Babbler,Turdoides somervillei
Turdus plumbeus,Red-legged Thrush,Turdus ardosiaceus
Turdus ignobili,Black-billed Thrush,Turdus debilis
Chloropicus elachus,Little Gray Woodpecker,Dendropicos elachus
Emberiza vincenti,Vincent's Bunting,Emberiza capensis
Napothera albostriata,Sumatran Wren-Babbler,Rimator malacoptilus
Harpactes mackloti,Sumatran Trogon,Apalharpactes mackloti
Campylopterus calcirupicola,Dry-forest Sabrewing,Campylopterus largipennis
Oceanodroma socorroensis,Townsend's Storm-Petrel,Hydrobates leucorhous
Chloropicus stierlingi,Stierling's Woodpecker,Dendropicos stierlingi
Macropygia cinnamomea,Enggano Cuckoo-Dove,Macropygia emiliana
Gracula enganensis,Enggano Myna,Gracula religiosa
Macropygia modiglianii,Barusan Cuckoo-Dove,Macropygia emiliana
Pseudibis gigantea,Giant Ibis,Thaumatibis gigantea
Cossypha anomala,Olive-flanked Robin-Chat,Dessonornis anomalus